tahun,tpk_rata_rata,total_objek_jabar
2019,48.43333333333334,2687
2020,31.132500000000004,2780
2021,33.9375,2583
2022,43.34,2806
2023,37.115,2954
2024,41.5825,3039
